,single-none,single-copy,single-orphan,single-copy-copy,single-copy-farthest,single-copy-nearest,split-none,split-inline,split-inline-low,reverse,reverse-inline
wa: 182,1,1,1,1,1,1,4,4,4,3,3
wa: 182 i_r_o,2,2,2,2,2,2,5,5,5,4,2
1 H.8,3,3,3,3,3,3,3,3,3,2,1
1 H.10,4,190,4,186,188,188,1,1,1,1,319
1 H.15,5,4,5,4,4,4,2,2,2,306,288
2 III H.27 alpha,6,5,6,5,5,5,105,105,103,168,155
2 III H.30 alpha,7,6,7,6,6,6,106,106,104,170,157
2 III H.70 alpha,8,7,8,7,7,7,107,107,105,172,159
2 III H.71 alpha,9,8,9,8,8,8,108,108,106,173,160
2 II H.69 alpha,10,9,10,9,9,9,109,109,107,176,162
2 II H.71 alpha,11,10,11,10,10,10,111,111,109,177,164
2 I H.21 alpha,12,11,12,11,11,11,116,116,114,186,172
2 I H.32 alpha,13,12,13,12,12,12,119,119,117,187,174
2 V H.3 alpha,14,13,14,13,13,13,121,121,119,195,183
2 V H.17 i_r,15,14,15,14,14,14,120,120,118,457,442
2 IV H.20 i_uebrige,16,15,16,700,695,318,115,115,113,183,170
2 IV H.12 i_v_o,17,16,17,15,15,15,112,112,110,182,169
fischer_lamberg: 2_III_H.15,18,17,18,16,16,16,123,123,121,203,191
wa: 2_H_P167,19,18,19,17,17,17,125,125,123,207,217
wa: 2_III_H.2_alpha,20,19,20,18,18,18,126,126,124,212,198
wa: 2_II_H.31_alpha,21,20,21,19,19,19,128,128,126,224,210
wa: 2_H_P167 i_uebrige,22,21,22,20,20,20,129,129,127,231,216
2 I H.0,23,22,23,21,21,21,68,68,66,112,104
2 I H.0a,24,23,24,22,22,22,69,69,67,113,105
2 I H.0b,25,24,25,23,23,23,70,70,68,114,106
2 I H.0c,26,25,26,24,24,24,71,71,69,115,107
2 I H.0d,27,26,27,25,25,25,72,72,70,116,108
2 I H.2,28,27,28,26,26,26,83,83,81,128,119
2 I H.6a,29,28,29,27,27,27,92,92,90,148,138
2 I H.10,30,29,30,28,28,28,73,73,71,117,109
2 I H.14,31,30,31,29,29,29,77,77,75,121,113
2 I H.15b,32,31,32,30,30,30,78,78,76,123,115
2 I H.15c,33,32,33,31,31,31,79,79,77,124,116
2 I H.16,34,33,34,32,32,32,80,80,78,125,117
2 I H.18,35,34,35,33,33,33,81,81,79,126,118
2 I H.19,36,524,36,517,515,524,82,82,80,127,590
2 I H.20,37,525,37,518,516,525,117,117,115,184,171
2 I H.21,38,35,38,34,34,34,118,118,116,185,173
2 I H.23,39,36,39,35,35,35,84,84,82,129,120
2 I H.24a,40,37,40,36,36,36,85,85,83,130,121
2 I H.49,41,38,41,37,37,37,86,86,84,140,130
2 I H.51,42,39,42,38,38,38,87,87,85,142,132
2 I H.52,43,40,43,39,39,39,88,88,86,143,133
2 I H.53,44,41,44,40,40,40,89,89,87,144,134
2 I H.54,45,42,45,41,41,41,90,90,88,145,135
2 I H.55,46,43,46,42,42,42,91,91,89,146,136
2 II H.2:2,47,44,47,43,43,43,38,38,36,62,57
2 II H.5a,48,45,48,44,44,44,48,48,46,80,75
2 II H.6a,49,46,49,45,45,45,50,50,48,81,76
2 II H.6b,50,47,50,46,46,46,51,51,49,82,77
2 II H.11a,51,48,51,47,47,47,31,31,29,55,50
2 II H.13a,52,49,52,48,48,48,32,32,30,56,51
2 II H.16,53,50,53,49,49,49,33,33,31,57,52
2 II H.21,54,51,54,50,50,50,34,34,32,58,53
2 II H.26,55,52,55,51,51,51,35,35,33,59,54
2 II H.29,56,53,56,52,52,52,37,37,35,61,56
2 II H.30,57,54,57,53,53,53,39,39,37,63,58
2 II H.31,58,55,58,54,54,54,40,40,38,64,59
2 II H.32,59,56,59,55,55,55,41,41,39,65,60
2 II H.37,60,57,60,56,56,56,42,42,40,67,62
2 II H.40,61,58,61,57,57,57,43,43,41,68,63
2 II H.43,62,59,62,58,58,58,44,44,42,71,66
2 II H.44,63,60,63,59,59,59,45,45,43,72,67
2 II H.50,64,61,64,60,60,60,46,46,44,73,68
2 II H.59,65,62,65,61,61,61,47,47,45,79,74
2 II H.68,66,63,66,62,62,62,49,49,47,680,675
2 II H.72,67,64,67,63,63,63,110,110,108,175,161
2 III H.4,68,65,68,64,64,64,11,11,11,538,529
2 III H.5,69,262,69,250,257,257,18,18,18,28,412
2 III H.8,70,303,70,292,301,294,27,27,27,50,429
2 III H.12a,71,66,71,65,65,65,6,6,6,5,4
2 III H.45a,72,67,72,66,66,66,12,12,12,21,20
2 III H.45b,73,68,73,67,67,67,13,13,13,22,21
2 III H.46a,74,69,74,68,68,68,14,14,14,23,22
2 III H.46b,75,70,75,69,69,69,15,15,15,517,508
2 III H.48,76,71,76,70,70,70,16,16,16,24,23
2 III H.49,77,241,77,236,238,238,17,17,17,25,490
2 III H.50,78,72,78,71,71,71,19,19,19,29,26
2 III H.60,79,73,79,72,72,72,20,20,20,539,530
2 III H.61,80,74,80,73,73,73,21,21,21,38,34
2 III H.64e,81,75,81,74,74,74,22,22,22,44,40
2 III H.66,82,76,82,75,75,75,23,23,23,45,41
2 III H.68,83,77,83,76,76,76,24,24,24,47,43
2 III H.69,84,78,84,77,77,77,25,25,25,209,195
2 III H.76,85,79,85,78,78,78,26,26,26,49,45
2 III H.81,86,80,86,79,79,79,28,28,449,51,46
2 III H.81a,87,81,87,80,80,80,29,29,450,52,47
2 III H.81b*,88,82,88,81,81,81,30,30,28,53,48
2 IV H.4,89,83,89,82,82,82,62,62,60,103,95
2 IV H.7b,90,84,90,83,83,83,66,66,64,108,100
2 IV H.9,91,85,91,84,84,84,67,67,65,111,103
2 IV H.11,92,86,92,85,85,85,113,113,111,181,168
2 IV H.12,93,87,93,86,86,86,52,52,50,89,248
2 IV H.13b,94,88,94,87,87,87,53,53,51,91,85
2 IV H.14,95,89,95,88,88,88,54,54,52,92,86
2 IV H.15,96,90,96,89,89,89,114,114,112,110,102
2 IV H.17,97,91,97,90,90,90,55,55,53,93,87
2 IV H.19,98,92,98,91,91,91,56,56,54,94,725
2 IV H.22,99,683,99,679,680,683,57,57,55,97,713
2 IV H.22a,100,93,100,92,92,92,58,58,56,98,90
2 IV H.22c,101,94,101,93,93,93,59,59,57,99,91
2 V H.0d,102,95,102,94,94,94,93,93,91,153,143
2 V H.0e,103,96,103,95,95,95,94,94,92,154,144
2 V H.14a*,104,97,104,96,96,96,96,96,94,157,147
2 V H.16,105,98,105,319,97,97,97,97,95,700,697
2 V H.35a*,106,99,106,97,98,98,98,98,96,161,150
2 V H.36,107,100,107,98,99,99,99,99,97,199,186
2 V H.37a,108,643,108,641,641,643,100,100,98,163,682
2 V H.32a,109,657,109,655,655,657,101,101,99,162,693
2 V H.32a alpha,110,658,110,656,656,658,122,122,120,198,185
2 V H.37d,111,101,111,99,100,100,102,102,100,164,151
H P9a,112,102,112,100,101,101,156,156,154,273,257
H P22,113,103,113,101,102,102,152,152,150,268,313
H P42,114,104,114,102,103,103,153,153,151,269,253
H P68 Var,115,105,115,103,104,104,154,154,152,270,254
H P82a,116,106,116,104,105,105,155,155,153,271,255
H P123.3,117,107,117,105,106,106,135,135,133,242,228
H P123.4,118,108,118,106,107,107,136,136,134,243,229
H P123.6,119,109,119,107,108,108,137,137,135,244,230
H P123.7,120,110,120,108,109,109,138,138,136,245,231
H P123.8,121,111,121,109,110,110,139,139,137,246,232
H P123.9,122,112,122,110,111,111,140,140,138,247,233
H P148,123,113,123,111,112,112,141,141,139,248,234
H P156a*,124,114,124,112,113,113,142,142,140,249,235
H P167,125,115,125,113,114,114,143,143,141,256,500
H P174,126,116,126,114,115,115,144,144,142,257,242
H P176,127,117,127,115,116,116,145,145,143,258,243
H P176 Var,128,118,128,116,117,117,146,146,144,259,475
H P179,129,119,129,117,118,118,147,147,145,260,244
H P190,130,120,130,698,709,284,148,148,146,264,249
H P190b,131,121,131,118,119,119,149,149,147,265,250
H P204,132,122,132,119,120,120,150,150,148,267,252
2 II H.48,133,123,133,120,121,121,151,151,149,682,677
D.4alpha,134,124,134,121,122,122,130,130,128,237,223
"gsa_1: GSA_25_XIX,4",135,125,135,122,123,123,131,131,129,238,224
gsa_2: GSA_25_W_1714,136,126,136,326,124,124,132,132,130,239,225
bohnenkamp: H_P179.1,137,127,137,123,125,125,133,133,131,240,226
bohnenkamp: H_P182,138,128,138,124,126,126,134,134,132,241,227
H P167 i_r_u,139,129,139,125,127,127,157,157,155,274,258
H P65 i_uebrige,140,130,140,126,128,128,158,158,156,278,262
J.3-1,141,131,141,127,129,129,159,159,157,279,263
J.3-2,142,132,142,128,130,130,160,160,158,280,264
bohnenkamp: P10,143,133,143,129,131,131,161,161,159,281,332
fischer_lamberg: P170a,144,134,144,130,132,132,162,162,160,282,532
wa: P179.1,145,135,145,131,133,133,163,163,161,284,267
wa: P179.2,146,136,146,132,134,134,164,164,162,285,269
wa: P179.3,147,137,147,133,135,135,165,165,163,286,271
wa: P191Var,148,138,148,134,136,136,166,166,164,287,273
wa: P179.2 i_2_r,149,139,149,135,137,137,167,167,165,289,268
R 2,150,140,150,136,138,138,168,168,166,293,275
R 3,151,141,151,137,139,139,169,169,167,294,276
T 0 H,152,142,152,138,140,140,170,170,168,295,277
T 3 H.2,153,143,153,139,141,141,171,171,169,296,278
T 3 H.3,154,144,154,140,142,142,172,172,170,297,279
T 6 H.1,155,145,155,141,143,143,173,173,171,298,280
T 6 H.2,156,146,156,142,144,144,174,174,172,299,281
Testhandschrift,157,147,157,143,145,145,175,175,173,300,282
H P6,158,148,158,144,146,146,176,176,174,301,283
1 H.7,159,149,159,145,147,147,177,177,175,302,284
1 H.5,160,150,160,146,148,148,178,178,176,303,285
J.1,161,151,161,147,149,149,179,179,177,304,286
1 H.11,162,152,162,148,150,150,180,180,178,305,287
H P22 i_uebrige,163,153,163,149,151,151,181,181,179,307,289
H P13,164,154,164,150,152,152,182,182,180,308,290
H P65,165,155,165,151,153,153,183,183,181,309,310
S,166,156,166,152,154,154,184,184,182,310,291
1 H.4,167,157,167,174,176,176,185,185,183,311,292
1 H.13,168,158,168,153,155,155,186,186,184,312,293
2 II H.5 i_r,169,159,169,154,156,156,188,188,186,314,294
2 V H.15a i_r_gt,170,160,170,155,157,157,190,190,188,315,295
2 II H.5 i_v,171,161,171,156,158,158,189,189,187,436,414
2 II H.5,172,162,172,157,159,159,187,187,185,313,415
H P8,173,163,173,158,160,160,199,199,197,324,304
H P9,174,164,174,159,161,161,202,202,200,327,307
H P14,175,165,175,160,162,162,191,191,189,316,296
H P20,176,166,176,175,177,177,192,192,190,317,297
H P26,177,167,177,161,163,163,193,193,191,318,298
H P50,178,168,178,162,164,164,194,194,192,319,299
H P67,179,169,179,163,165,165,195,195,193,320,300
H P68,180,170,180,164,166,166,196,196,194,321,301
H P69,181,171,181,165,167,167,197,197,195,322,302
H P75,182,172,182,166,168,168,198,198,196,323,303
H P81,183,173,183,167,169,169,200,200,198,325,305
H P82,184,174,184,176,178,178,201,201,199,326,306
H P96,185,175,185,168,170,170,204,204,202,328,308
H P97,186,176,186,169,171,171,205,205,203,346,328
bohnenkamp: H_P9a,187,177,187,170,172,172,203,203,201,272,256
H P22 i_2_o,188,178,188,171,173,173,206,206,204,276,260
H P22 i_2_u,189,179,189,172,174,174,207,207,205,277,261
H P65 i_4_r,190,180,190,173,175,175,208,208,206,329,309
H P121a,191,181,191,177,179,179,209,209,207,330,311
H P98,192,182,192,178,180,180,210,210,208,348,330
H P22 i_1_o,193,183,193,179,181,181,211,211,209,331,312
2 V H.15a,194,184,194,180,182,182,212,212,210,345,417
H P91,195,185,195,181,183,183,213,213,211,332,314
H P11,196,186,196,182,184,184,214,214,212,333,315
H P12,197,187,197,183,185,185,215,215,213,334,316
H P15,198,188,198,184,186,186,216,216,214,335,317
1 H.10 i_uebrige,199,189,199,185,187,187,217,217,215,336,318
H P4,200,191,200,187,189,189,218,218,216,337,320
1 H.3,201,192,201,188,190,190,219,219,217,338,321
H P3,202,193,202,189,191,191,220,220,218,339,322
H P5,203,194,203,190,192,192,221,221,219,340,323
1 H.9,204,195,204,191,193,193,222,222,220,341,324
2 III H.9,205,196,205,192,194,194,224,224,222,343,326
2 III H.10,206,197,206,193,195,195,223,223,221,342,325
H P25,207,198,207,194,196,196,225,225,223,344,327
H P1,208,199,208,195,197,197,226,226,224,347,329
H P84 ,209,200,209,196,198,198,227,227,225,514,505
bohnenkamp: P10 i_3_u,210,201,210,197,199,199,228,228,226,349,331
R 1,211,202,211,198,200,200,229,229,227,350,333
H P27,212,203,212,199,201,201,230,230,228,351,334
H P28,213,204,213,200,202,202,231,231,229,352,335
H P29,214,205,214,201,203,203,232,232,230,353,336
H P30,215,206,215,202,204,204,233,233,231,354,337
H P32,216,207,216,203,205,205,234,234,232,355,338
H P62a,217,208,217,204,206,206,235,235,233,356,339
1 H.14,218,209,218,205,207,207,236,236,234,357,340
gsa_1: GSA_25_XVII_1_1a,219,210,219,206,208,208,237,237,235,358,341
1 H.12,220,211,220,207,209,209,238,238,236,359,342
H P110a,221,212,221,208,210,210,239,239,237,360,343
A,222,213,222,209,211,211,240,240,238,361,344
J.2,223,214,223,210,212,212,241,241,239,362,345
D.1,224,215,224,211,213,213,242,242,240,363,346
1 H.2,225,216,225,212,214,214,243,243,241,364,347
H P47,226,217,226,213,215,215,244,244,242,365,348
T 1 H.0,227,218,227,214,216,216,245,245,243,366,349
T 3 H.1,228,219,228,215,217,217,246,246,244,367,350
T 1 H.1,229,220,229,216,218,218,247,247,245,368,351
T 2 H,230,221,230,217,219,219,248,248,246,369,352
T 4 H.1,231,222,231,218,220,220,249,249,247,370,353
T 4 H.2,232,223,232,219,221,221,250,250,248,371,354
T 4 H.3,233,224,233,220,222,222,251,251,249,372,355
T 5 H.2,234,225,234,221,223,223,252,252,250,373,356
T 5 H.1,235,226,235,222,224,224,253,253,251,374,357
B,236,227,236,223,225,225,254,254,252,375,358
D.2,237,228,237,224,226,226,255,255,253,236,222
H P63,238,229,238,225,227,227,256,256,254,376,359
B.a,239,230,239,226,228,228,257,257,255,377,360
D.3,240,231,240,227,229,229,258,258,256,378,361
2 III H.23,241,232,241,228,230,230,259,259,257,381,364
2 III H.23a*,242,233,242,229,231,231,260,260,258,6,5
2 III H.50b,243,234,243,396,287,283,262,262,260,385,368
2 III H.65,244,235,244,230,232,232,263,263,261,386,369
2 III H.66a,245,236,245,231,233,233,264,264,262,46,42
2 III H.80,246,237,246,232,234,234,265,265,263,387,370
1 H.16,247,238,247,233,235,235,266,266,264,390,373
2 III H.27 i_v,248,239,248,234,236,236,267,267,265,394,377
2 III H.49 i_uebrige,249,240,249,235,237,237,268,268,266,396,379
H P195,250,242,250,237,239,239,269,269,267,399,382
H P194,251,243,251,238,240,240,270,270,268,266,251
2 V H.4,252,244,252,239,241,241,275,275,273,417,419
2 V H.3,253,245,253,240,242,242,276,276,274,413,393
2 V H.15,254,246,254,241,243,243,271,271,269,403,385
2 V H.20,255,247,255,273,288,285,272,272,270,405,386
2 V H.24,256,248,256,242,244,244,273,273,271,408,426
2 V H.27,257,249,257,243,245,245,274,274,272,410,390
2 V H.28 alpha,258,250,258,244,246,246,277,277,275,192,180
2 V H.25,259,251,259,279,247,247,278,278,276,409,389
2 V H.19,260,252,260,284,289,286,279,279,277,159,149
2 V H.28,261,253,261,280,248,248,280,280,278,411,391
2 V H.29 i_r,262,254,262,281,249,249,282,282,280,193,181
2 V H.29 i_v,263,255,263,282,250,250,283,283,281,194,182
2 V H.29,264,256,264,283,251,251,281,281,279,412,392
2 III H.8 i_r,265,263,265,251,258,258,295,295,293,435,413
2 V H.15a i_r_g,266,257,266,245,252,252,296,296,294,437,416
2 III H.5 i_r_r,267,258,267,246,253,253,293,293,291,433,410
2 III H.5 i_uebrige,268,259,268,247,254,254,294,294,292,434,411
2 V H.4 i_uebrige,269,260,269,248,255,255,297,297,295,438,418
2_III_H.8: i_r,270,261,270,249,256,256,309,309,307,217,203
2 III H.30,271,264,271,252,259,259,284,284,282,424,401
2 III H.34,272,265,272,253,260,260,285,285,283,425,402
2 III H.26,273,266,273,254,261,261,286,286,284,14,13
2 III H.32,274,267,274,255,262,262,287,287,285,15,14
2 III H.36,275,268,275,256,263,263,288,288,286,426,403
2 III H.35,276,269,276,257,264,264,289,289,287,382,365
2 III H.47,277,270,277,258,265,265,290,290,288,513,504
2 V H.5,278,271,278,259,266,266,298,298,296,418,396
2 V H.6,279,272,279,260,267,267,299,299,297,419,397
2 V H.8 i_r,280,273,280,261,268,268,301,301,299,202,189
2 V H.8 i_uebrige,281,274,281,262,269,269,302,302,300,439,420
2 V H.8,282,275,282,263,270,270,300,300,298,420,421
2 V H.7,283,276,283,264,271,271,303,303,301,431,408
2 V H.9,284,277,284,275,272,272,304,304,302,432,409
2 V H.10,285,278,285,276,273,273,305,305,303,428,405
2 V H.4 i_v,286,279,286,277,274,274,308,308,306,201,188
2 V H.11,287,280,287,278,275,275,306,306,304,401,384
2 V H.15b,288,281,288,265,276,276,292,292,290,429,406
H P93,289,282,289,266,277,277,312,312,310,442,424
H P165,290,283,290,267,278,278,311,311,309,254,240
gsa_2: GSA_25_W_1575,291,284,291,268,279,279,310,310,308,440,422
H P167 i_v,292,285,292,269,280,280,313,313,311,509,499
2 V H.24 i_r,293,286,293,270,281,281,314,314,312,443,425
2 V H.22,294,287,294,274,290,287,315,315,313,407,388
2 V H.23,295,288,295,285,291,288,316,316,314,430,407
2 V H.21,296,289,296,286,294,289,317,317,315,406,387
2 V H.24 i_v,297,290,297,287,295,290,320,320,318,391,374
2 V H.26,298,291,298,288,296,291,318,318,316,160,179
2 V H.32,299,292,299,271,282,282,319,319,317,416,395
2 V H.31 i_r_o,300,293,300,272,283,319,321,321,319,196,184
2 V H.17 i_v,301,294,301,316,284,321,322,322,320,456,441
2 V H.26 i_r,302,295,302,317,292,322,325,325,323,190,177
2 V H.26 i_v,303,296,303,318,293,323,326,326,324,191,178
2 V H.18,304,297,304,320,285,325,323,323,321,188,175
2 V H.17,305,298,305,321,286,326,324,324,322,404,443
2 V H.13 i_r,306,299,306,327,297,292,328,328,326,446,430
2 V H.31 i_r_uebrige,307,300,307,289,298,320,329,329,327,506,495
2 III H.8 i_v,308,301,308,290,299,293,327,327,325,445,428
2 V H.31 i_v,309,302,309,291,300,324,330,330,328,507,496
2 V H.12:1,310,304,310,293,302,295,307,307,305,155,145
2 V H.12:2,311,305,311,294,303,296,95,95,93,156,146
2 V H.13,312,306,312,295,304,297,336,336,334,402,438
2 V H.30,313,307,313,322,305,327,331,331,329,414,394
2 V H.2 alpha,314,308,314,323,306,328,334,334,332,189,176
2 V H.31,315,309,315,324,307,329,332,332,330,415,497
2 V H.31a,316,310,316,325,308,330,333,333,331,392,375
H P163,317,311,317,296,309,298,337,337,335,441,423
2 III H.13,318,312,318,297,310,299,338,338,336,444,427
2 III H.11,319,313,319,298,311,300,339,339,337,421,398
2 III H.14,320,314,320,299,312,301,340,340,338,395,378
2 III H.18,321,315,321,300,313,302,341,341,339,380,363
fischer_lamberg: 2_III_H.15 ,322,316,322,301,314,303,343,343,341,204,190
2 III H.15,323,317,323,302,315,304,342,342,340,379,362
wa: 2_III_H.15II,324,318,324,303,316,305,344,344,342,208,194
2 III H.6:2,325,319,325,304,317,306,291,291,289,427,404
2 III H.6:1,326,320,326,305,318,307,261,261,259,383,366
2 III H.16,327,321,327,306,319,308,345,345,343,251,237
2 III H.19,328,322,328,307,320,309,347,347,345,393,376
2 III H.20,329,323,329,308,321,310,348,348,346,252,238
2 III H.21,330,324,330,309,322,311,349,349,347,253,239
2 III H.24,331,325,331,310,323,312,350,350,348,215,201
2 III H.17,332,326,332,311,324,313,351,351,349,423,400
2 III H.1 alpha,333,327,333,312,325,314,353,353,351,167,154
2 III H.24a,334,328,334,313,326,315,352,352,350,9,8
H P176a,335,329,335,314,327,316,354,354,352,448,432
inscription: wa P230,336,330,336,315,328,317,355,355,353,449,433
2 III H.31,337,331,337,328,329,331,356,356,354,450,434
2 III H.33,338,332,338,329,330,332,357,357,355,13,12
2 V H.13 i_v,339,333,339,332,331,333,360,360,358,453,437
2 III H.25a,340,334,340,330,332,334,358,358,356,451,435
2 III H.25,341,335,341,331,333,335,359,359,357,10,9
2 V H.14,342,336,342,333,334,336,361,361,359,452,436
2 V H.2,343,337,343,334,335,337,362,362,360,502,488
2 III H.27 i_r,344,338,344,335,336,338,363,363,361,455,440
2 III H.42,345,339,345,336,337,339,364,364,362,458,444
2 III H.37,346,340,346,337,338,340,365,365,363,19,18
2 III H.37a,347,341,347,338,339,341,366,366,364,16,15
2 III H.41,348,342,348,339,340,342,367,367,365,397,380
2 III H.42a,349,343,349,340,341,343,368,368,366,20,19
2 III H.44,350,344,350,341,342,344,369,369,367,389,372
2 III H.44a,351,345,351,342,343,345,370,370,368,388,371
2 III H.27,352,346,352,343,344,346,371,371,369,459,445
2 III H.28,353,347,353,344,345,347,372,372,370,460,446
2 III H.29,354,348,354,345,346,348,373,373,371,461,447
2 III H.38,355,349,355,346,347,349,374,374,372,462,448
2 III H.39,356,350,356,347,348,350,375,375,373,463,449
2 III H.40,357,351,357,348,349,351,376,376,374,464,450
2 III H.1,358,352,358,349,350,352,377,377,375,400,383
2 III H.64b,359,353,359,350,351,353,378,378,376,41,37
2 III H.64a,360,354,360,351,352,354,379,379,377,40,36
2 III H.64c,361,355,361,352,353,355,380,380,378,42,38
2 III H.64d,362,356,362,353,354,356,381,381,379,43,39
H P164a,363,357,363,354,355,357,382,382,380,465,451
2 III H.2a:1,364,358,364,355,356,358,459,459,459,467,453
2 III H.8a,365,359,365,356,357,359,384,384,382,470,456
2 III H.8c,366,360,366,357,358,360,385,385,383,472,458
2 III H.9a,367,361,367,358,359,361,386,386,384,473,459
2 III H.23d,368,362,368,359,360,362,383,383,381,466,452
H P166a,369,363,369,360,361,363,387,387,385,474,460
2 III H.49a,370,364,370,361,362,364,388,388,386,255,241
2 III H.49b,371,365,371,362,363,365,389,389,387,26,24
2 III H.49c,372,366,372,363,364,366,390,390,388,27,25
H P167 i_uebrige,373,367,373,364,365,367,391,391,389,275,259
2 III H.12,374,368,374,365,366,368,392,392,390,422,399
2 V H.26a,375,369,375,366,367,369,393,393,391,476,462
2 I H.1,376,370,376,367,368,370,394,394,392,477,463
2 III H.58 i_v,377,371,377,368,369,371,395,395,393,478,464
1 H.1,378,372,378,369,370,372,396,396,394,479,465
1 H.6,379,373,379,370,371,373,397,397,395,480,466
D.4,380,374,380,371,372,374,398,398,396,482,467
D.4α ,381,375,381,372,373,375,399,399,397,483,468
2 III H.60 i_uebrige,382,376,382,373,374,376,400,400,398,484,469
2 I H.9e*,383,377,383,374,375,377,401,401,399,485,470
2 I H.9f,384,378,384,375,376,378,402,402,400,150,140
2 I H.9g,385,379,385,376,377,379,403,403,401,151,141
2 I H.9h,386,380,386,377,378,380,404,404,402,486,471
2 I H.9i*,387,381,387,378,379,381,405,405,403,487,472
H P176 Var i_r,388,382,388,379,380,382,406,406,404,489,474
1 H.17,389,383,389,380,381,383,407,407,405,490,476
2 III H.0,390,384,390,381,382,384,408,408,406,491,477
2 III H.50a,391,385,391,382,383,385,478,478,478,541,533
2 III H.45,392,386,392,383,384,386,409,409,407,494,480
2 III H.58 i_r,393,387,393,384,385,387,418,418,416,504,491
2 III H.49 i_r_u,394,388,394,385,386,388,417,417,415,503,489
2 III H.59b i_uebrige,395,389,395,386,387,389,419,419,417,505,493
2 III H.43,396,390,396,387,388,390,410,410,408,497,483
2 III H.48a,397,391,397,388,389,391,411,411,409,498,484
2 III H.55,398,392,398,398,390,392,412,412,410,499,485
2 III H.70,399,393,399,389,391,393,413,413,411,536,527
2 III H.72,400,394,400,390,392,394,414,414,412,492,478
2 III H.78a,401,395,401,391,393,395,415,415,413,501,487
2 III H.79,402,396,402,392,394,396,416,416,414,495,481
2 III H.77,403,397,403,393,395,397,420,420,418,510,501
2 III H.46,404,398,404,394,396,398,421,421,419,512,503
H P168,405,399,405,395,397,399,422,422,420,515,506
2 III H.50d,406,400,406,397,398,400,423,423,421,518,509
2 III H.50c,407,401,407,399,399,401,424,424,422,30,27
2 III H.51,408,402,408,400,400,402,425,425,423,516,507
2 III H.53,409,403,409,401,401,403,426,426,424,493,479
2 III H.52,410,404,410,402,402,404,427,427,425,31,28
2 III H.54,411,405,411,403,403,405,428,428,426,521,512
2 III H.56,412,406,412,404,404,406,429,429,427,522,513
2 III H.56a,413,407,413,405,405,407,430,430,428,32,29
2 III H.56b,414,408,414,406,406,408,431,431,429,33,30
2 III H.56c,415,409,415,407,407,409,432,432,430,34,31
2 III H.71,416,410,416,408,408,410,438,438,436,527,518
2 III H.64,417,411,417,409,409,411,439,439,437,528,519
2 III H.63,418,412,418,410,410,412,440,440,438,39,35
2 III H.67,419,413,419,411,422,413,441,441,439,529,520
2 III H.59,420,414,420,412,411,414,442,442,440,531,522
2 III H.33a,421,415,421,413,412,415,443,443,441,530,521
2 III H.59a,422,416,422,414,413,416,444,444,442,475,461
2 III H.57,423,417,423,415,414,417,445,445,443,500,486
2 III H.57a,424,418,424,416,415,418,446,446,444,35,32
2 III H.58,425,419,425,417,416,419,447,447,445,481,492
2 III H.58a,426,420,426,418,417,420,448,448,446,36,33
2 III H.59b,427,421,427,419,418,421,449,449,447,37,494
2 III H.59c,428,422,428,420,419,422,450,450,448,171,158
2 III H.7:4,429,423,429,421,420,423,452,451,451,533,524
2 III H.78,430,424,430,422,421,424,451,452,452,535,526
2 III H.2:2,431,425,431,423,423,425,8,8,8,12,11
fischer_lamberg: 2_III_H.22_5,432,426,432,424,424,426,124,124,122,210,196
wa: 2_III_H.2alpha,433,427,433,425,425,427,437,437,435,214,200
2 III H.2:1,434,428,434,426,426,428,7,7,7,11,10
fischer_lamberg: 2_III_H.22_1,435,429,435,427,427,429,464,466,466,523,514
fischer_lamberg: 2_III_H.22_2,436,430,436,428,428,430,433,433,431,524,515
fischer_lamberg: 2_III_H.22_3,437,431,437,429,429,431,434,434,432,525,516
fischer_lamberg: 2_III_H.22_4,438,432,438,430,430,432,436,436,434,526,517
wa: 2_III_H.IIIalpha,439,433,439,431,431,433,469,473,473,220,206
2 III H.2a:2,440,434,440,432,432,434,435,435,433,519,510
2 III H.2a:4,441,435,441,433,433,435,457,457,457,468,454
fischer_lamberg: 2_III_H.7__2-3,442,436,442,434,434,436,466,468,468,211,197
2 III H.2a:5,443,437,443,435,435,437,458,458,458,469,455
2 III H.2a:1 ,444,438,444,436,436,438,463,463,463,169,156
2 III H.8b,445,439,445,437,437,439,461,461,461,471,457
2 III H.22,446,440,446,438,438,440,454,454,454,213,199
2 III H.7:2,447,441,447,439,441,443,462,462,462,54,49
2 III H.7:3,448,442,448,440,442,444,465,467,467,532,523
2 III H.7:5,449,443,449,441,443,445,460,460,460,511,502
2 III H.23b,450,444,450,442,447,449,455,455,455,7,6
2 III H.23c,451,445,451,443,448,450,456,456,456,8,7
H P140,452,446,452,444,450,452,470,474,474,454,439
2 III H.7:1,453,447,453,445,439,441,471,464,464,534,525
2 III H.2a:3,454,448,454,446,444,446,468,470,470,520,511
2 III H.3,455,449,455,447,440,442,472,465,465,488,473
2 III H.3a:2,456,451,456,448,446,447,10,10,10,18,17
2 III H.3a:1,457,450,457,449,445,448,9,9,9,17,16
2 III H.62,458,452,458,450,449,451,474,472,472,218,204
fischer_lamberg: P170a i_uebrige,459,453,459,451,451,453,475,475,475,283,265
H P123.1,460,454,460,452,452,454,476,476,476,537,528
fischer_lamberg: P170a i_1_o,461,455,461,453,453,455,477,477,477,540,531
H P78,462,456,462,454,454,456,479,479,479,542,534
2 III H.3b,463,457,463,455,455,457,480,480,480,546,538
H P99.1,464,458,464,456,456,458,481,481,481,547,539
H P99.2,465,459,465,457,457,459,482,482,482,548,540
H P123.2,466,460,466,458,458,460,483,483,483,549,541
H P123.5,467,461,467,459,459,461,484,484,484,550,542
2 III H.73,468,462,468,460,460,462,485,485,485,552,544
2 III H.74,469,463,469,461,461,463,486,486,486,553,545
2 III H.75,470,464,470,462,462,464,487,487,487,219,205
2 III H.75a,471,465,471,463,463,465,488,488,488,48,44
2 III H.75b,472,466,472,464,464,466,489,489,489,545,537
2 II H.4,473,467,473,465,465,467,491,491,491,554,546
C.1 4,474,468,474,466,466,468,492,492,492,555,547
H P108b,475,469,475,467,467,469,494,494,494,558,550
H P108c,476,470,476,468,468,470,495,495,495,559,551
H P101,477,471,477,469,469,471,496,496,496,560,552
H P101a,478,472,478,470,470,472,497,497,497,551,543
H P102,479,473,479,471,471,473,498,498,498,574,566
2 I H.12:1,480,474,480,472,472,474,74,74,72,118,110
2 I H.12:2,481,475,481,473,473,475,75,75,73,119,111
2 I H.12a,482,476,482,474,474,476,76,76,74,120,112
2 I H.11,483,477,483,475,475,477,500,500,500,561,553
2 I H.19 i_uebrige,484,478,484,476,476,478,505,505,505,566,558
2 I H.5,485,479,485,477,477,479,504,504,504,565,557
2 I H.13,486,480,486,478,478,480,502,502,502,563,555
2 I H.24,487,481,487,479,479,481,503,503,503,564,556
2 II H.1,488,482,488,480,480,482,501,501,501,562,554
inscription: wa 2_I_H.10,489,483,489,481,481,483,508,508,508,568,560
2 I H.9k,490,484,490,482,482,484,506,506,506,567,559
2 I H.9l*,491,485,491,483,483,485,507,507,507,152,142
fischer-lamberg: 2_II_H.2d,492,486,492,484,484,486,511,511,511,571,563
2 I H.22,493,487,493,485,485,487,510,510,510,570,562
2 II H.2:3,494,488,494,486,486,488,509,509,509,569,561
2 II H.2:1,495,489,495,487,487,489,512,512,512,572,564
2 I H.17,496,490,496,488,488,490,513,513,513,573,565
2 I H.8,497,491,497,489,489,491,514,514,514,575,567
2 I H.15,498,492,498,490,490,492,515,515,515,576,568
2 I H.15a,499,493,499,491,491,493,516,516,516,122,114
2 I H.25,500,494,500,492,492,494,517,517,517,577,569
2 I H.26,501,495,501,493,493,495,518,518,518,578,570
2 I H.27,502,496,502,494,494,496,519,519,519,132,123
2 I H.24b,503,497,503,495,495,497,520,520,520,579,571
2 I H.24c,504,498,504,496,496,498,521,521,521,131,122
2 II H.3,505,499,505,497,497,499,522,522,522,581,573
2 I H.3,506,500,506,498,498,500,523,523,523,582,574
2 I H.4,507,501,507,499,499,501,524,524,524,583,575
2 I H.6,508,502,508,500,500,502,534,534,534,590,582
2 I H.7,509,503,509,501,501,503,535,535,535,591,583
2 I H.9,510,504,510,502,502,504,536,536,536,592,584
2 I H.9a,511,505,511,503,503,505,537,537,537,593,585
2 I H.9b,512,506,512,504,504,506,538,538,538,149,139
2 I H.34,513,507,513,505,505,507,525,525,525,584,576
2 I H.30,514,508,514,506,506,508,526,526,526,135,126
2 I H.38,515,509,515,507,507,509,527,527,527,586,578
2 I H.39,516,510,516,539,525,510,528,528,528,587,579
2 I H.40,517,511,517,508,526,511,529,529,529,588,580
2 I H.36,518,512,518,509,527,512,530,530,530,585,577
2 I H.41,519,513,519,540,528,513,531,531,531,589,581
2 I H.43,520,533,520,521,519,533,532,532,532,137,598
2 I H.43a,521,534,521,522,520,534,533,533,533,138,128
2 I H.42,522,514,522,525,529,514,539,539,539,595,587
wa: 2_I_H.alpha,523,515,523,526,531,515,540,540,540,228,213
2 I H.29,524,516,524,510,508,516,541,541,541,596,588
2 I H.28,525,517,525,511,509,517,542,542,542,133,124
2 I H.31,526,518,526,512,510,518,543,543,543,134,125
2 I H.32 i_uebrige,527,519,527,535,530,519,546,546,546,594,586
2 I H.32,528,528,528,527,532,528,544,544,544,227,596
2 I H.41a,529,532,529,528,535,532,545,545,545,136,127
H P106 i_v,530,520,530,513,511,520,547,547,547,605,599
H P105,531,521,531,514,512,521,548,548,548,580,572
H P106,532,522,532,515,513,522,549,549,549,597,600
2 I H.19 i_4,533,523,533,516,514,523,550,550,550,598,589
2 I H.32 i_7_v,534,526,534,519,517,526,556,556,556,603,595
2 I H.43 i_uebrige,535,527,535,520,518,527,557,557,557,604,597
2 I H.34a,536,529,536,537,524,529,551,551,551,599,591
2 I H.37,537,530,537,538,533,530,552,552,552,601,593
2 I H.35,538,531,538,541,534,531,553,553,553,600,592
2 I H.45,539,535,539,523,521,535,554,554,554,602,594
2 I H.44,540,536,540,524,522,536,555,555,555,139,129
2 I H.33,541,537,541,536,523,537,558,558,558,606,601
2 I H.9c*,542,538,542,529,536,538,559,559,559,607,602
2 I H.9m,543,539,543,530,537,539,560,560,560,608,603
2 I H.9n*,544,540,544,531,538,540,561,561,561,609,604
2 I H.9o*,545,541,545,532,539,541,562,562,562,610,605
2 I H.9p*,546,542,546,533,540,542,563,563,563,611,606
2 I H.9d,547,543,547,534,541,543,564,564,564,612,607
H P107,548,544,548,542,542,544,565,565,565,613,608
2 I H.46,549,545,549,543,543,545,566,566,566,614,609
C.1 12,550,546,550,544,544,546,567,567,567,615,610
C.3 4,551,547,551,545,545,547,568,568,568,616,611
H P179a,552,548,552,546,546,548,569,569,569,617,612
H P180,553,549,553,547,547,549,570,570,570,261,245
wa: P179.1 i_1_r,554,550,554,548,548,550,571,571,571,288,266
wa: P179.3 i_1_v,555,551,555,549,549,551,572,572,572,290,270
C.2α 4,556,552,556,550,550,552,573,573,573,618,613
2 III H.69a,557,553,557,551,551,553,574,574,574,619,614
2 II H.14,558,554,558,552,552,554,575,575,575,620,615
2 II H.8:2,559,555,559,553,553,555,576,576,576,88,83
C.3 12,560,556,560,554,554,556,577,577,577,621,616
gsa_2: GSA_25_W_1806,561,557,561,555,555,557,578,578,578,622,617
2 I H.58,562,558,562,556,556,558,579,579,579,628,623
2 I H.57,563,559,563,557,557,559,580,580,580,629,624
2 II H.4a*,564,560,564,558,558,560,581,581,581,632,627
2 I H.50a,565,561,565,559,559,561,582,582,582,634,629
2 I H.50b,566,562,566,560,560,562,583,583,583,635,630
2 I H.50,567,563,567,561,561,563,584,584,584,141,131
2 I H.48,568,564,568,562,562,564,585,585,585,636,631
2 I H.47,569,565,569,563,563,565,586,586,586,633,628
2 I H.60,570,566,570,564,564,566,587,587,587,631,626
H P149,571,567,571,565,565,567,588,588,588,637,632
2 II H.9,572,568,572,566,566,568,590,590,590,639,634
2 II H.16a,573,569,573,567,567,569,589,589,589,638,633
2 II H.6,574,570,574,568,568,570,593,593,593,643,638
2 II H.10,575,571,575,569,569,571,591,591,591,641,636
2 II H.11,576,572,576,570,570,572,592,592,592,642,637
2 I H.56,577,573,577,571,571,573,594,594,594,640,635
2 I H.59,578,574,578,572,572,574,596,596,596,630,625
2 II H.12,579,575,579,573,573,575,595,595,595,147,137
H P161,580,576,580,574,574,576,597,597,597,250,236
2 II H.46,581,577,581,597,597,577,598,598,598,644,639
2 II H.15,582,578,582,575,575,578,599,599,599,645,640
2 II H.8:1,583,579,583,576,576,579,600,600,600,624,619
2 II H.13,584,580,584,577,577,580,601,601,601,623,618
2 II H.74 i_uebrige,585,581,585,598,598,581,602,602,602,647,641
2 II H.74 i_2,586,582,586,599,599,582,603,603,603,179,166
2 II H.74 i_23_m,587,583,587,600,600,583,604,604,604,180,167
2 II H.63,588,584,588,578,578,584,605,605,605,648,643
gsa_2: GSA_25_W_1772,589,585,589,579,579,585,606,606,606,649,644
2 II H.38,590,586,590,580,580,586,607,607,607,650,645
2 II H.18,591,587,591,581,581,587,608,608,608,87,82
2 II H.20,592,588,592,582,582,588,609,609,609,625,620
2 II H.27:1,593,589,593,583,583,589,36,36,34,60,55
H P124,594,590,594,584,584,590,612,612,612,627,622
2 II H.17,595,591,595,585,585,591,613,613,613,651,646
2 II H.27:2,596,592,596,586,586,592,614,614,614,654,649
2 II H.28 alpha,597,593,597,587,587,593,611,611,611,223,208
2 II H.28,598,594,598,588,588,594,615,615,615,222,209
2 II H.45,599,595,599,589,589,595,616,616,616,655,650
2 II H.22,600,596,600,595,595,596,617,617,617,656,651
2 II H.25,601,597,601,596,596,597,618,618,618,652,647
2 II H.54,602,598,602,601,601,598,619,619,619,78,73
2 II H.24,603,599,603,602,602,599,620,620,620,77,72
2 II H.41,604,600,604,603,603,600,621,621,621,69,64
2 II H.23,605,601,605,604,604,601,622,622,622,653,648
2 II H.42,606,602,606,590,590,602,623,623,623,657,652
2 II H.39,607,603,607,591,591,603,624,624,624,70,65
2 II H.49,608,604,608,592,592,604,625,625,625,658,653
2 II H.51,609,605,609,593,593,605,626,626,626,74,69
2 II H.53,610,606,610,594,594,606,627,627,627,76,71
H P125,611,607,611,605,605,607,628,628,628,659,654
2 V H.1a,612,608,612,606,606,608,629,629,629,660,655
2 V H.1,613,609,613,607,607,609,630,630,630,158,148
wa: 2_V_H.alpha,614,610,614,608,608,610,631,631,631,229,214
2 II H.19,615,611,615,609,609,611,632,632,632,661,656
2 II H.56,616,612,616,610,610,612,633,633,633,662,657
2 II H.58,617,613,617,611,611,613,634,634,634,664,659
2 II H.60,618,614,618,612,612,614,635,635,635,665,660
2 II H.33,619,615,619,613,613,615,636,636,636,666,661
2 II H.52,620,616,620,614,614,616,637,637,637,667,662
2 II H.47,621,617,621,615,615,617,638,638,638,75,70
2 II H.55,622,618,622,616,616,618,639,639,639,668,663
2 II H.57,623,619,623,617,617,619,640,640,640,663,658
2 II H.61,624,620,624,618,618,620,641,641,641,669,664
2 II H.62,625,621,625,619,619,621,642,642,642,670,665
2 II H.31a,626,622,626,620,620,622,643,643,643,671,666
2 II H.34,627,623,627,621,621,623,644,644,644,672,667
2 II H.64,628,624,628,622,622,624,645,645,645,673,668
2 II H.65,629,625,629,623,623,625,646,646,646,674,669
2 II H.66,630,626,630,624,624,626,647,647,647,675,670
H P159,631,627,631,625,625,627,648,648,648,676,671
H P160,632,628,632,626,626,628,649,649,649,677,672
H P126,633,629,633,627,627,629,650,650,650,678,673
2 II H.67,634,630,634,628,628,630,651,651,651,679,674
2 II H.71,635,631,635,629,629,631,652,652,652,681,676
2 II H.69,636,632,636,630,630,632,653,653,653,174,163
2 II H.74,637,633,637,631,631,633,654,654,654,646,642
2 II H.7,638,634,638,632,632,634,659,659,659,178,165
2 II H.35,639,635,639,633,633,635,655,655,655,84,79
2 II H.36,640,636,640,634,634,636,656,656,656,66,61
2 II H.36a,641,637,641,635,635,637,657,657,657,85,80
2 II H.47a,642,638,642,636,636,638,658,658,658,86,81
wa: 2_II_H.alpha,643,639,643,637,637,639,660,660,660,225,211
H P157,644,640,644,638,638,640,661,661,661,683,678
2 V H.37a i_v,645,641,645,639,639,641,662,662,662,686,681
landeck: 2_V_H.h,646,642,646,640,640,642,663,663,663,687,683
2 II H.70,647,644,647,642,642,644,664,664,664,688,684
2 II H.73,648,645,648,643,643,645,665,665,665,83,78
landeck: 2_V_H.1I,649,646,649,644,644,646,666,666,666,689,685
landeck: 2_V_H.1II,650,647,650,645,645,647,667,667,667,690,686
landeck: 2_V_H.1III,651,648,651,646,646,648,668,668,668,691,687
2 V H.34,652,649,652,647,647,649,669,669,669,692,688
2 V H.35,653,650,653,648,648,650,670,670,670,693,689
2 V H.33,654,659,654,657,657,659,671,671,671,197,701
2 V H.37b,655,651,655,649,649,651,672,672,672,694,690
2 V H.37a i_r,656,652,656,650,650,652,674,674,674,685,680
landeck: 2_V_H.33I,657,653,657,651,651,653,675,675,675,206,193
2 V H.32a i_r,658,654,658,652,652,654,676,676,676,695,691
2 V H.32a i_v,659,655,659,653,653,655,677,677,677,696,692
2 V H.33 i_uebrige,660,656,660,654,654,656,678,678,678,697,694
2 V H.37c,661,660,661,658,658,660,679,679,679,200,187
2 V H.37e,662,661,662,659,659,661,103,103,101,165,152
2 V H.37f,663,662,663,660,660,662,104,104,102,166,153
2 V H.37g,664,663,664,661,661,663,681,681,681,230,215
2 V H.38a,665,664,665,662,662,664,673,673,673,684,679
H P196,666,665,666,663,663,665,682,682,682,699,696
2 V H.37,667,666,667,664,664,666,683,683,683,701,698
2 V H.33 i_3_r,668,667,668,665,665,667,684,684,684,702,699
2 V H.33 i_3_v,669,668,669,666,666,668,685,685,685,703,700
2 V H.0a,670,669,670,667,667,669,686,686,686,705,703
landeck: 2_H,671,670,671,668,668,670,688,688,688,205,192
2 V H.0f,672,671,672,669,669,671,687,687,687,706,704
2 V H.0c,673,672,673,670,670,672,689,689,689,707,705
2 V H.0b,674,673,674,707,671,673,690,690,690,704,702
2 IV H.6:1,675,674,675,671,672,674,63,63,61,104,96
2 IV H.6:2,676,675,676,672,673,675,64,64,62,105,97
2 IV H.7a,677,676,677,673,674,676,65,65,63,107,99
2 V H.38,678,677,678,674,675,677,691,691,691,708,706
H P197a,679,678,679,675,676,678,693,693,693,710,708
H P188a,680,679,680,676,677,679,694,694,694,711,709
H P190a,681,680,681,699,710,680,695,695,695,712,710
2 IV H.22 i_1_r,682,681,682,677,678,681,696,696,696,713,711
2 IV H.22 i_uebrige,683,682,683,678,679,682,697,697,697,714,712
2 IV H.22b,684,684,684,680,681,684,698,698,698,715,714
2 IV H.5,685,685,685,681,682,685,699,699,699,718,717
2 IV H.2,686,686,686,682,683,686,700,700,700,717,716
2 IV H.3,687,687,687,683,684,687,701,701,701,102,94
2 IV H.7,688,688,688,684,685,688,702,702,702,106,98
H P188,689,689,689,685,686,689,703,703,703,398,381
2 IV H.18,690,690,690,686,687,690,704,704,704,719,718
2 IV H.21a,691,691,691,702,696,691,705,705,705,720,719
2 IV H.22d,692,692,692,687,697,692,706,706,706,721,720
2 IV H.20,693,693,693,695,698,693,707,707,707,226,212
2 IV H.13a,694,694,694,696,699,694,708,708,708,95,88
2 IV H.1,695,695,695,701,700,695,709,709,709,90,84
2 IV H.22g,696,696,696,703,702,696,710,710,710,722,721
2 IV H.22e,697,697,697,704,703,697,60,60,58,100,92
2 IV H.22f,698,698,698,705,704,698,61,61,59,101,93
H P181,699,699,699,688,688,699,712,712,712,724,723
2 IV H.19 i_uebrige,700,700,700,689,689,700,713,713,713,725,724
2 IV H.12 i_uebrige,701,701,701,690,690,701,715,715,715,263,247
2 IV H.8,702,702,702,691,691,702,714,714,714,716,715
2 IV H.13,703,703,703,692,692,703,716,716,716,262,246
2 H,704,704,704,706,705,704,717,717,717,543,535
2 IV H.10,705,705,705,693,693,705,718,718,718,109,101
2 IV H.21,706,706,706,697,701,706,719,719,719,96,89
wa: C.1_4,707,707,707,708,706,707,721,721,721,233,219
wa: C_12,708,708,708,709,707,708,722,722,722,234,220
wa: C_4,709,709,709,710,708,709,723,723,723,235,221
wa: P191Var i_v_u,710,710,710,694,694,710,724,724,724,291,272
2 IV H.16,711,711,711,711,711,711,725,725,725,726,726
H P129 Var*,712,712,712,712,712,712,726,726,726,727,727
C.1 41,713,713,713,713,713,713,727,727,727,728,728
wa: C_41,714,714,714,714,714,714,728,728,728,292,274
C.3 41,715,715,715,715,715,715,729,729,729,729,729
Q,716,716,716,716,716,716,730,730,730,730,730
